{
  "0": {
    "precision": 1.0,
    "recall": 1.0,
    "f1-score": 1.0,
    "support": 53.0
  },
  "1": {
    "precision": 0.9047619047619048,
    "recall": 1.0,
    "f1-score": 0.95,
    "support": 57.0
  },
  "2": {
    "precision": 1.0,
    "recall": 1.0,
    "f1-score": 1.0,
    "support": 70.0
  },
  "3": {
    "precision": 0.9836065573770492,
    "recall": 1.0,
    "f1-score": 0.9917355371900827,
    "support": 60.0
  },
  "4": {
    "precision": 1.0,
    "recall": 0.9846153846153847,
    "f1-score": 0.9922480620155039,
    "support": 65.0
  },
  "5": {
    "precision": 1.0,
    "recall": 0.9272727272727272,
    "f1-score": 0.9622641509433962,
    "support": 55.0
  },
  "6": {
    "precision": 1.0,
    "recall": 0.9655172413793104,
    "f1-score": 0.9824561403508771,
    "support": 58.0
  },
  "accuracy": 0.9832535885167464,
  "macro avg": {
    "precision": 0.984052637448422,
    "recall": 0.9824864790382033,
    "f1-score": 0.9826719843571229,
    "support": 418.0
  },
  "weighted avg": {
    "precision": 0.9846598612776353,
    "recall": 0.9832535885167464,
    "f1-score": 0.9833905280015561,
    "support": 418.0
  }
}