{
  "model": "xgb",
  "best_params": {
    "clf__max_depth": 6,
    "clf__n_estimators": 400
  },
  "accuracy": 0.9856,
  "f1_macro": 0.9853,
  "report": {
    "0": {
      "precision": 1.0,
      "recall": 0.9811320754716981,
      "f1-score": 0.9904761904761905,
      "support": 53.0
    },
    "1": {
      "precision": 0.9827586206896551,
      "recall": 1.0,
      "f1-score": 0.991304347826087,
      "support": 57.0
    },
    "2": {
      "precision": 1.0,
      "recall": 0.9857142857142858,
      "f1-score": 0.9928057553956835,
      "support": 70.0
    },
    "3": {
      "precision": 0.967741935483871,
      "recall": 1.0,
      "f1-score": 0.9836065573770492,
      "support": 60.0
    },
    "4": {
      "precision": 1.0,
      "recall": 0.9846153846153847,
      "f1-score": 0.9922480620155039,
      "support": 65.0
    },
    "5": {
      "precision": 1.0,
      "recall": 0.9454545454545454,
      "f1-score": 0.9719626168224299,
      "support": 55.0
    },
    "6": {
      "precision": 0.9508196721311475,
      "recall": 1.0,
      "f1-score": 0.9747899159663865,
      "support": 58.0
    },
    "accuracy": 0.9856459330143541,
    "macro avg": {
      "precision": 0.9859028897578106,
      "recall": 0.9852737558937019,
      "f1-score": 0.985313349411333,
      "support": 418.0
    },
    "weighted avg": {
      "precision": 0.9861944939998785,
      "recall": 0.9856459330143541,
      "f1-score": 0.9856561371386067,
      "support": 418.0
    }
  },
  "classes": [
    "Insufficient_Weight",
    "Normal_Weight",
    "Obesity_Type_I",
    "Obesity_Type_II",
    "Obesity_Type_III",
    "Overweight_Level_I",
    "Overweight_Level_II"
  ]
}